{
  "__type__": "cc.AnimationClip",
  "_name": "panelin",
  "_objFlags": 0,
  "_native": "",
  "_duration": 0.3333333333333333,
  "sample": 60,
  "speed": 1,
  "wrapMode": 1,
  "curveData": {
    "props": {
      "scale": [
        {
          "frame": 0,
          "value": {
            "__type__": "cc.Vec2",
            "x": 0.5,
            "y": 0.5
          },
          "curve": [
            0.055629370629370636,
            0.21615384615384614,
            0.42702797202797205,
            0.8120629370629371
          ]
        },
        {
          "frame": 0.3333333333333333,
          "value": {
            "__type__": "cc.Vec2",
            "x": 1,
            "y": 1
          }
        }
      ],
      "opacity": [
        {
          "frame": 0,
          "value": 0
        },
        {
          "frame": 0.3333333333333333,
          "value": 255
        }
      ]
    }
  },
  "events": []
}